自治口径,配置口径,风电/MW,光伏/MW,总装机/MW,说明
电量自治,等比放大,88.80460191914706,142.0873630706353,230.89196498978237,全年总发电量不低于全年总用电量，保持40:64风光比例
电量自治,分别优化,162.88847840552052,0.0,162.88847840552052,全年总发电量不低于全年总用电量，最小化风电+光伏装机
功率自治,等比放大,1156.3056300268097,1850.0890080428956,3006.3946380697053,所有场景所有小时功率满足，保持40:64风光比例
功率自治,分别优化,1156.3056300268097,0.0,1156.3056300268097,所有场景所有小时功率满足，最小化风电+光伏装机
