自治口径,配置口径,风电扩容系数,光伏扩容系数,风电/MW,光伏/MW,总装机/MW,说明
电量自治,等比放大,2.2201150479786764,2.2201150479786764,88.80460191914706,142.0873630706353,230.89196498978237,全年总发电量不低于全年总用电量，保持40:64风光比例
电量自治,分别优化,3.2379773046657245,1.0,129.519092186629,64.0,193.519092186629,全年总发电量不低于全年总用电量，现有风光只增不减
逐小时满产功率自治,等比放大,28.907640750670243,28.907640750670243,1156.3056300268097,1850.0890080428956,3006.3946380697053,极端保守上界，所有场景所有小时满产功率均满足
逐小时满产功率自治,分别优化,28.907640750670243,1.0,1156.3056300268097,64.0,1220.3056300268097,极端保守上界，现有风光只增不减
